AMAP11,AMAP11H,GAUL_CODE,uid,name_1,level_1,level1na_1,level2na_1,iso3,ADM0_NAME,ADM1_NAME,NAME
CAE LIT NDM,CAE-LIT-NDM,2138514,Q966kXsyR20,Ndom,5,Global,Africa,CMR,Cameroon,Littoral,Ndom
CAE LIT NGA,CAE-LIT-NGA,2137643,HBG4z9eT0gp,Ngambe,5,Global,Africa,CMR,Cameroon,Littoral,Ngambe
CAE LIT YAB,CAE-LIT-YAB,2138105,GvTDrgjcU6R,Yabassi,5,Global,Africa,CMR,Cameroon,Littoral,Yabassi
CAE LIT NKS,CAE-LIT-NKS,2138259,A0XPpQxn05b,Nkongsamba,5,Global,Africa,CMR,Cameroon,Littoral,Nkongsamba
CAE LIT MAN,CAE-LIT-MAN,2137641,O4ls7EsyEQP,Manjo,5,Global,Africa,CMR,Cameroon,Littoral,Manjo
CAE LIT MEL,CAE-LIT-MEL,2137385,VFxTcRztfUD,Melong,5,Global,Africa,CMR,Cameroon,Littoral,Melong
CAE LIT LOU,CAE-LIT-LOU,2137378,Ns6ZJi0iwJj,Loum,5,Global,Africa,CMR,Cameroon,Littoral,Loum
CAE LIT ABL,CAE-LIT-ABL,5274220,VT9tkLtgee9,Abo,5,Global,Africa,CMR,Cameroon,Littoral,Abo
CAE LIT MBN,CAE-LIT-MBN,2137377,nUeu5anINhj,Mbanga,5,Global,Africa,CMR,Cameroon,Littoral,Mbanga
CAE LIT DEI,CAE-LIT-DEI,2137367,wE76sY8tY19,Deido,5,Global,Africa,CMR,Cameroon,Littoral,Deido
CAE LIT JAP,CAE-LIT-JAP,5238182,bLF8QVYOUu3,Japoma,5,Global,Africa,CMR,Cameroon,Littoral,Japoma
CAE LIT BON,CAE-LIT-BON,2137640,dWexWkTwCVe,Bonassama,5,Global,Africa,CMR,Cameroon,Littoral,Bonassama
CAE LIT MBU,CAE-LIT-MBU,2137642,bIoxP4GA2JE,Mbangue,5,Global,Africa,CMR,Cameroon,Littoral,Mbangue
CAE LIT LOG,CAE-LIT-LOG,2138260,ZGqUbMqrxSK,Logbaba,5,Global,Africa,CMR,Cameroon,Littoral,Logbaba
CAE LIT NEW,CAE-LIT-NEW,2137376,k7lIVnxWbm7,New Bell,5,Global,Africa,CMR,Cameroon,Littoral,New Bell
CAE LIT NYL,CAE-LIT-NYL,2137384,AW764lDxjdr,Nylon,5,Global,Africa,CMR,Cameroon,Littoral,Nylon
CAE LIT POU,CAE-LIT-POU,2137381,AFX0djkDX6A,Pouma,5,Global,Africa,CMR,Cameroon,Littoral,Pouma
CAE LIT EDE,CAE-LIT-EDE,2137644,jEG1QQsvDeX,Edea,5,Global,Africa,CMR,Cameroon,Littoral,Edea
CAE LIT NKJ,CAE-LIT-NKJ,2138356,oCGhqAOirsv,Nkondjock,5,Global,Africa,CMR,Cameroon,Littoral,Nkondjock
CAE LIT BOK,CAE-LIT-BOK,16818179,GEWks07uHch,Boko,5,Global,Africa,CMR,Cameroon,Littoral,Boko
CAE LIT NJO,CAE-LIT-NJO,5290988,iwzUigxHuvr,Njombe Penja,5,Global,Africa,CMR,Cameroon,Littoral,Njombe Penja
CAE LIT DIB,CAE-LIT-DIB,2137645,VVLMNX1DVin,Dibombari,5,Global,Africa,CMR,Cameroon,Littoral,Dibombari
CAE LIT CIP,CAE-LIT-CIP,2137380,rjDWLPMhaY0,Cite Des Palmiers,5,Global,Africa,CMR,Cameroon,Littoral,Cite Des Palmiers
CAE ADA TIG,CAE-ADA-TIG,2138155,iwjlpyhilt2,Tignere,5,Global,Africa,CMR,Cameroon,Adamaoua,Tignere
CAE ADA NDA,CAE-ADA-NDA,16329397,gsAPKvb8uK2,Ngaoundal,5,Global,Africa,CMR,Cameroon,Adamaoua,Ngaoundal
CAE ADA MEI,CAE-ADA-MEI,2137349,boMf1Zq6Fa2,Meiganga,5,Global,Africa,CMR,Cameroon,Adamaoua,Meiganga
CAE ADA BAN,CAE-ADA-BAN,16329388,J3p4cfDsjWc,Bankim,5,Global,Africa,CMR,Cameroon,Adamaoua,Bankim
CAE CEN EBE,CAE-CEN-EBE,2137357,UVkUJt5o0py,Ebebda,5,Global,Africa,CMR,Cameroon,Centre,Ebebda
CAE ADA BAY,CAE-ADA-BAY,16329389,QKxAMfygE74,Banyo,5,Global,Africa,CMR,Cameroon,Adamaoua,Banyo
CAE ADA DJH,CAE-ADA-DJH,16329392,m6j0i1p3GDw,Djohong,5,Global,Africa,CMR,Cameroon,Adamaoua,Djohong
CAE ADA TIB,CAE-ADA-TIB,2138158,QN0TvRQr8SA,Tibati,5,Global,Africa,CMR,Cameroon,Adamaoua,Tibati
CAE ADA NGR,CAE-ADA-NGR,2137348,YOwUWe1dgJv,Ngaoundere Rural,5,Global,Africa,CMR,Cameroon,Adamaoua,Ngaoundere Rural
CAE EXT MER,CAE-EXT-MER,16330080,xnnHwfGglH2,Meri,5,Global,Africa,CMR,Cameroon,Extreme Nord,Meri
CAE ADA NGU,CAE-ADA-NGU,2138354,AwlrFJlARNT,Ngaoundere Urbain,5,Global,Africa,CMR,Cameroon,Adamaoua,Ngaoundere Urbain
CAE CEN DJO,CAE-CEN-DJO,2137635,vewKgey8sOW,Djoungolo,5,Global,Africa,CMR,Cameroon,Centre,Djoungolo
CAE CEN MBA,CAE-CEN-MBA,2137352,haFG5XDW24C,Mbalmayo,5,Global,Africa,CMR,Cameroon,Centre,Mbalmayo
CAE CEN NTU,CAE-CEN-NTU,2137637,rahoVxbwRB5,Ntui,5,Global,Africa,CMR,Cameroon,Centre,Ntui
CAE CEN EFO,CAE-CEN-EFO,2137350,JQIkiENA6nM,Efoulan,5,Global,Africa,CMR,Cameroon,Centre,Efoulan
CAE CEN MBK,CAE-CEN-MBK,2137351,VLxcOygmtHk,Mbankomo,5,Global,Africa,CMR,Cameroon,Centre,Mbankomo
CAE CEN EVO,CAE-CEN-EVO,2137353,GFXacOqu8d0,Evodoula,5,Global,Africa,CMR,Cameroon,Centre,Evodoula
CAE CEN MFO,CAE-CEN-MFO,2137355,PJKaNADvNfi,Mfou,5,Global,Africa,CMR,Cameroon,Centre,Mfou
CAE CEN OBA,CAE-CEN-OBA,2137361,r5xWCJ4ZqYQ,Obala,5,Global,Africa,CMR,Cameroon,Centre,Obala
CAE CEN BFI,CAE-CEN-BFI,2138257,clasYX5teTV,Bafia,5,Global,Africa,CMR,Cameroon,Centre,Bafia
CAE CEN YOO,CAE-CEN-YOO,2137633,WquO0ev4xvO,Yoko,5,Global,Africa,CMR,Cameroon,Centre,Yoko
CAE CEN ELI,CAE-CEN-ELI,2138254,sJDHzjIEcte,Elig Mfomo,5,Global,Africa,CMR,Cameroon,Centre,Elig Mfomo
CAE CEN MBJ,CAE-CEN-MBJ,2138253,bluPTs5StEv,Mbandjock,5,Global,Africa,CMR,Cameroon,Centre,Mbandjock
CAE CEN NAN,CAE-CEN-NAN,2138255,fHkrk3yL1uU,Nanga Eboko,5,Global,Africa,CMR,Cameroon,Centre,Nanga Eboko
CAE EXT TOK,CAE-EXT-TOK,16330101,eealAXfQ3UO,Tokombere,5,Global,Africa,CMR,Cameroon,Extreme Nord,Tokombere
CAE CEN AKA,CAE-CEN-AKA,2137373,RKsnc4nFUzT,Akonolinga,5,Global,Africa,CMR,Cameroon,Centre,Akonolinga
CAE CEN NGM,CAE-CEN-NGM,2138256,li3fcQxXdg7,Ngog Mapubi,5,Global,Africa,CMR,Cameroon,Centre,Ngog Mapubi
CAE CEN ESE,CAE-CEN-ESE,2137358,h7r7vMKQIy8,Eseka,5,Global,Africa,CMR,Cameroon,Centre,Eseka
CAE CEN AWA,CAE-CEN-AWA,2137638,nbkoU3gPiM0,Awae,5,Global,Africa,CMR,Cameroon,Centre,Awae
CAE CEN ESS,CAE-CEN-ESS,2137354,VGZnGAkKRN3,Esse,5,Global,Africa,CMR,Cameroon,Centre,Esse
CAE CEN SOA,CAE-CEN-SOA,2137363,Vq1CnJNw46x,Soa,5,Global,Africa,CMR,Cameroon,Centre,Soa
CAE CEN MON,CAE-CEN-MON,2137359,YXiMSh7CqES,Monatele,5,Global,Africa,CMR,Cameroon,Centre,Monatele
CAE CEN NGO,CAE-CEN-NGO,2137360,qc293v9pKIX,Ngoumou,5,Global,Africa,CMR,Cameroon,Centre,Ngoumou
CAE CEN AYO,CAE-CEN-AYO,2137364,ZxJNWnk4hYW,Ayos,5,Global,Africa,CMR,Cameroon,Centre,Ayos
CAE SUW BUE,CAE-SUW-BUE,2137413,dkNG0muACjc,Buea,5,Global,Africa,CMR,Cameroon,Sud Ouest,Buea
CAE CEN NDI,CAE-CEN-NDI,2137634,oAgxCCStCQe,Ndikinimeki,5,Global,Africa,CMR,Cameroon,Centre,Ndikinimeki
CAE CEN NKN,CAE-CEN-NKN,2137356,ThGVWZfLjoq,Nkolbisson,5,Global,Africa,CMR,Cameroon,Centre,Nkolbisson
CAE CEN BIY,CAE-CEN-BIY,2137370,gOaZeiwAoCD,Biyem Assi,5,Global,Africa,CMR,Cameroon,Centre,Biyem Assi
CAE CEN SAA,CAE-CEN-SAA,2138156,PLYdjomcBkA,Saa,5,Global,Africa,CMR,Cameroon,Centre,Saa
CAE CEN NKO,CAE-CEN-NKO,2137636,YuCzvkHV2X5,Nkolndongo,5,Global,Africa,CMR,Cameroon,Centre,Nkolndongo
CAE CEN OKO,CAE-CEN-OKO,2137362,hz2Tdvrxqbp,Okola,5,Global,Africa,CMR,Cameroon,Centre,Okola
CAE EST ABO,CAE-EST-ABO,2137374,iTmd0p4YWhK,Abong Mbang,5,Global,Africa,CMR,Cameroon,Est,Abong Mbang
CAE EST MES,CAE-EST-MES,2137375,YS06eYwiC8n,Messamena,5,Global,Africa,CMR,Cameroon,Est,Messamena
CAE EST GAB,CAE-EST-GAB,16329423,D4OFi6ze0sX,Garoua Boulai,5,Global,Africa,CMR,Cameroon,Est,Garoua Boulai
CAE EST LOM,CAE-EST-LOM,16329433,TIrAQRQkEaH,Lomie,5,Global,Africa,CMR,Cameroon,Est,Lomie
CAE SUW MOL,CAE-SUW-MOL,16329446,Dcf8i2ih1tm,Moloundou,5,Global,Africa,CMR,Cameroon,Est,Moloundou
CAE EXT GAZ,CAE-EXT-GAZ,16329823,LiygUBQ6cii,Gazawa,5,Global,Africa,CMR,Cameroon,Extreme Nord,Gazawa
CAE SUW KON,CAE-SUW-KON,2138275,w0khtlIwl6Q,Konye,5,Global,Africa,CMR,Cameroon,Sud Ouest,Konye
CAE EST YOK,CAE-EST-YOK,16329453,MDZqxU65Lqw,Yokadouma,5,Global,Africa,CMR,Cameroon,Est,Yokadouma
CAE EST NDE,CAE-EST-NDE,16329451,OLZqeMnDj75,Ndelele,5,Global,Africa,CMR,Cameroon,Est,Ndelele
CAE EST MBG,CAE-EST-MBG,16329435,PAM8Jc9FcJS,Mbang,5,Global,Africa,CMR,Cameroon,Est,Mbang
CAE EST BAR,CAE-EST-BAR,2138157,cBrzvNglqAl,Batouri,5,Global,Africa,CMR,Cameroon,Est,Batouri
CAE EST BET,CAE-EST-BET,16329411,QR0Vj8IkvWr,Betare Oya,5,Global,Africa,CMR,Cameroon,Est,Betare Oya
CAE EST KET,CAE-EST-KET,16329424,RIqfYxyxl6s,Kette,5,Global,Africa,CMR,Cameroon,Est,Kette
CAE EST NGE,CAE-EST-NGE,16329452,MHc9aRwt9xv,Nguelemendouka,5,Global,Africa,CMR,Cameroon,Est,Nguelemendouka
CAE EST BER,CAE-EST-BER,2137639,huRqm1u1OBD,Bertoua,5,Global,Africa,CMR,Cameroon,Est,Bertoua
CAE EST DOU,CAE-EST-DOU,16329416,Tk1LVQwJYXh,Doume,5,Global,Africa,CMR,Cameroon,Est,Doume
CAE EXT KOL,CAE-EXT-KOL,16329916,WBZN0JbcddP,Kolofata,5,Global,Africa,CMR,Cameroon,Extreme Nord,Kolofata
CAE EXT MAU,CAE-EXT-MAU,16329992,xeKBtCQWObL,Maroua 2,5,Global,Africa,CMR,Cameroon,Extreme Nord,Maroua 2
CAE EXT BOG,CAE-EXT-BOG,16329756,ms6oiVY4kHA,Bogo,5,Global,Africa,CMR,Cameroon,Extreme Nord,Bogo
CAE EXT KAE,CAE-EXT-KAE,16329907,PJ3rdiYvg9h,Kaele,5,Global,Africa,CMR,Cameroon,Extreme Nord,Kaele
CAE EXT GUS,CAE-EXT-GUS,16329892,aMjjaJXBSlV,Guidiguis,5,Global,Africa,CMR,Cameroon,Extreme Nord,Guidiguis
CAE EXT GUE,CAE-EXT-GUE,16329851,lA2dnK5pTzs,Guere,5,Global,Africa,CMR,Cameroon,Extreme Nord,Guere
CAE EXT KAR,CAE-EXT-KAR,16329909,zSSrRr42yh1,Kar Hay,5,Global,Africa,CMR,Cameroon,Extreme Nord,Kar Hay
CAE EXT BOU,CAE-EXT-BOU,16329763,ptBq5K4lAU3,Bourha,5,Global,Africa,CMR,Cameroon,Extreme Nord,Bourha
CAE EXT MTW,CAE-EXT-MTW,16330097,Hpc63mRW9IG,Moutourwa,5,Global,Africa,CMR,Cameroon,Extreme Nord,Moutourwa
CAE EXT PET,CAE-EXT-PET,16330098,hpC7j0T2CaR,Pette,5,Global,Africa,CMR,Cameroon,Extreme Nord,Pette
CAE EXT YAG,CAE-EXT-YAG,16330106,yFy56LEHSJ4,Yagoua,5,Global,Africa,CMR,Cameroon,Extreme Nord,Yagoua
CAE EXT VEL,CAE-EXT-VEL,16330103,rTZNA8LtQfx,Vele,5,Global,Africa,CMR,Cameroon,Extreme Nord,Vele
CAE EXT GEY,CAE-EXT-GEY,16329829,o6ZCLK6zgCb,Goulfey,5,Global,Africa,CMR,Cameroon,Extreme Nord,Goulfey
CAE EXT MOG,CAE-EXT-MOG,16330093,l2FDEkk18z2,Mogode,5,Global,Africa,CMR,Cameroon,Extreme Nord,Mogode
CAE EXT HIN,CAE-EXT-HIN,16329899,XtStaOc8r3G,Hina,5,Global,Africa,CMR,Cameroon,Extreme Nord,Hina
CAE EXT MAA,CAE-EXT-MAA,16330006,baaPQDKEa74,Maroua 3,5,Global,Africa,CMR,Cameroon,Extreme Nord,Maroua 3
CAE EXT KOZ,CAE-EXT-KOZ,16329939,ee7ftYplvV9,Koza,5,Global,Africa,CMR,Cameroon,Extreme Nord,Koza
CAE EXT MOK,CAE-EXT-MOK,16330094,Ic2sf6gppTN,Mokolo,5,Global,Africa,CMR,Cameroon,Extreme Nord,Mokolo
CAE EXT MOU,CAE-EXT-MOU,16330096,R7G8wdEkwU9,Moulvoudaye,5,Global,Africa,CMR,Cameroon,Extreme Nord,Moulvoudaye
CAE EXT MIN,CAE-EXT-MIN,16330089,OSXyfij7dGq,Mindif,5,Global,Africa,CMR,Cameroon,Extreme Nord,Mindif
CAE OUE BGT,CAE-OUE-BGT,16330185,ZWsIJYCFqvg,Bangangte,5,Global,Africa,CMR,Cameroon,Ouest,Bangangte
CAE EXT KOU,CAE-EXT-KOU,16329929,Z0Inwzl0go6,Kousseri,5,Global,Africa,CMR,Cameroon,Extreme Nord,Kousseri
CAE EXT MAR,CAE-EXT-MAR,16329987,AB0dvYIeVs2,Maroua 1,5,Global,Africa,CMR,Cameroon,Extreme Nord,Maroua 1
CAE EXT MAK,CAE-EXT-MAK,16329977,QmnnpW7Uwm3,Makary,5,Global,Africa,CMR,Cameroon,Extreme Nord,Makary
CAE EXT MAD,CAE-EXT-MAD,16329950,F78KglHx1Lw,Mada,5,Global,Africa,CMR,Cameroon,Extreme Nord,Mada
CAE EXT ROU,CAE-EXT-ROU,16330099,EpNF1CgXoSb,Roua,5,Global,Africa,CMR,Cameroon,Extreme Nord,Roua
CAE OUE BMD,CAE-OUE-BMD,16330178,nAVFr0YyPi0,Bamendjou,5,Global,Africa,CMR,Cameroon,Ouest,Bamendjou
CAE OUE BAH,CAE-OUE-BAH,16330175,TdUjy3VhKQM,Baham,5,Global,Africa,CMR,Cameroon,Ouest,Baham
CAE EXT MOR,CAE-EXT-MOR,16330095,jIPFdhfuVCg,Mora,5,Global,Africa,CMR,Cameroon,Extreme Nord,Mora
CAE EXT MAG,CAE-EXT-MAG,16329966,NGmNPjCITMZ,Maga,5,Global,Africa,CMR,Cameroon,Extreme Nord,Maga
CAE NOR TCH,CAE-NOR-TCH,16330163,rubyTf0wsD9,Tchollire,5,Global,Africa,CMR,Cameroon,Nord,Tchollire
CAE NOR BIB,CAE-NOR-BIB,16330107,pg1qjAIJeyF,Bibemi,5,Global,Africa,CMR,Cameroon,Nord,Bibemi
CAE OUE BAD,CAE-OUE-BAD,16330181,kGF6FW8H5Bk,Bandja,5,Global,Africa,CMR,Cameroon,Ouest,Bandja
CAE NOR POL,CAE-NOR-POL,16330152,IHFtzOsbuLj,Poli,5,Global,Africa,CMR,Cameroon,Nord,Poli
CAE NOR REY,CAE-NOR-REY,16330162,xWvGICWwReF,Rey Bouba,5,Global,Africa,CMR,Cameroon,Nord,Rey Bouba
CAE NOR PIT,CAE-NOR-PIT,16330148,ZJAhq8N1hkR,Pitoa,5,Global,Africa,CMR,Cameroon,Nord,Pitoa
CAE OUE BGR,CAE-OUE-BGR,16330187,y1pvTD5JtGa,Bangourain,5,Global,Africa,CMR,Cameroon,Ouest,Bangourain
CAE NOR GON,CAE-NOR-GON,16330144,qHwYB0w2vX9,Ngong,5,Global,Africa,CMR,Cameroon,Nord,Ngong
CAE NOR GAR,CAE-NOR-GAR,16330109,cBl9B9Gr8yM,Garoua 1,5,Global,Africa,CMR,Cameroon,Nord,Garoua 1
CAE NOR LAG,CAE-NOR-LAG,16330131,RiworzxSRKJ,Lagdo,5,Global,Africa,CMR,Cameroon,Nord,Lagdo
CAE NOR GAA,CAE-NOR-GAA,16330114,zDNvh0ltnhO,GAROUA 2,5,Global,Africa,CMR,Cameroon,Nord,GAROUA 2
CAE NOR GAS,CAE-NOR-GAS,16330119,qaPX93BNxG3,Gaschiga,5,Global,Africa,CMR,Cameroon,Nord,Gaschiga
CAE NOR FIG,CAE-NOR-FIG,16330108,MzAxbEmG17n,Figuil,5,Global,Africa,CMR,Cameroon,Nord,Figuil
CAE SUD MEY,CAE-SUD-MEY,16330262,MAHWzjJcasB,Meyomessala,5,Global,Africa,CMR,Cameroon,Sud,Meyomessala
CAE NOR TOU,CAE-NOR-TOU,16330164,fVcP7WpE6VE,Touboro,5,Global,Africa,CMR,Cameroon,Nord,Touboro
CAE NOR GOL,CAE-NOR-GOL,16330120,LPNNZUYfC5R,Golombe,5,Global,Africa,CMR,Cameroon,Nord,Golombe
CAE NOR MAY,CAE-NOR-MAY,16330132,SapRLH9IkZp,Mayo Oulo,5,Global,Africa,CMR,Cameroon,Nord,Mayo Oulo
CAE NOR GUI,CAE-NOR-GUI,16330130,UpWdQLS7yhK,Guider,5,Global,Africa,CMR,Cameroon,Nord,Guider
CAE OUE BAC,CAE-OUE-BAC,16330189,Slsya4XJ1cX,Batcham,5,Global,Africa,CMR,Cameroon,Ouest,Batcham
CAE OUE PEN,CAE-OUE-PEN,16330217,vNuXJnxJ0e3,Penka Michel,5,Global,Africa,CMR,Cameroon,Ouest,Penka Michel
CAE OUE BDJ,CAE-OUE-BDJ,16330184,FZdKDla0sab,Bandjoun,5,Global,Africa,CMR,Cameroon,Ouest,Bandjoun
CAE OUE MBO,CAE-OUE-MBO,16330213,KE0SetC4PJD,Mbouda,5,Global,Africa,CMR,Cameroon,Ouest,Mbouda
CAE OUE DSC,CAE-OUE-DSC,16330194,tHav2zlT9YE,Dschang,5,Global,Africa,CMR,Cameroon,Ouest,Dschang
CAE OUE FOU,CAE-OUE-FOU,16330195,fiyChBcsC5L,Foumban,5,Global,Africa,CMR,Cameroon,Ouest,Foumban
CAE OUE MAL,CAE-OUE-MAL,16330208,mAXygaodORJ,Malentouen,5,Global,Africa,CMR,Cameroon,Ouest,Malentouen
CAE OUE FOT,CAE-OUE-FOT,16330199,VY1XungWEvE,Foumbot,5,Global,Africa,CMR,Cameroon,Ouest,Foumbot
CAE OUE SAC,CAE-OUE-SAC,16330219,za0SuqfH2S8,Santchou,5,Global,Africa,CMR,Cameroon,Ouest,Santchou
CAE OUE KEK,CAE-OUE-KEK,16330202,OgnR5IaW7OI,Kekem,5,Global,Africa,CMR,Cameroon,Ouest,Kekem
CAE OUE KOO,CAE-OUE-KOO,16330205,Yy8OR4h9J5x,Kouoptamo,5,Global,Africa,CMR,Cameroon,Ouest,Kouoptamo
CAE OUE MIF,CAE-OUE-MIF,2137649,KPgLhnpbXzT,Mifi,5,Global,Africa,CMR,Cameroon,Ouest,Mifi
CAE OUE MAS,CAE-OUE-MAS,16330211,exy7m4TxPrY,Massangam,5,Global,Africa,CMR,Cameroon,Ouest,Massangam
CAE OUE GAL,CAE-OUE-GAL,16330200,zMVbYiRveLp,Galim,5,Global,Africa,CMR,Cameroon,Ouest,Galim
CAE OUE BAF,CAE-OUE-BAF,16330171,KvGZD176fRx,Bafang,5,Global,Africa,CMR,Cameroon,Ouest,Bafang
CAE SUD EBO,CAE-SUD-EBO,16330247,w3vIrqsfGWS,Ebolowa,5,Global,Africa,CMR,Cameroon,Sud,Ebolowa
CAE SUW TOM,CAE-SUW-TOM,2137420,vqaBeYFtUn0,Tombel,5,Global,Africa,CMR,Cameroon,Sud Ouest,Tombel
CAE SUD KRI,CAE-SUD-KRI,2137410,JiTDQrmDeYy,Kribi,5,Global,Africa,CMR,Cameroon,Sud,Kribi
CAE SUD LOL,CAE-SUD-LOL,16330258,xp3usWkmMdg,Lolodorf,5,Global,Africa,CMR,Cameroon,Sud,Lolodorf
CAE SUD AMB,CAE-SUD-AMB,16330220,lrNc1xwDWXS,Ambam,5,Global,Africa,CMR,Cameroon,Sud,Ambam
CAE SUD ZOE,CAE-SUD-ZOE,16330271,YxZktMjIiey,Zoetele,5,Global,Africa,CMR,Cameroon,Sud,Zoetele
CAE SUD SGM,CAE-SUD-SGM,16330269,o4p0ljHfz8F,Sangmelima,5,Global,Africa,CMR,Cameroon,Sud,Sangmelima
CAE SUW EKO,CAE-SUW-EKO,2137414,PtCkWF9WUyM,Ekondo Titi,5,Global,Africa,CMR,Cameroon,Sud Ouest,Ekondo Titi
CAE SUD OLA,CAE-SUD-OLA,16330266,P1tSCdEj5Oj,Olamze,5,Global,Africa,CMR,Cameroon,Sud,Olamze
CAE SUD DJM,CAE-SUD-DJM,16330225,Lf317dndIqE,Djoum,5,Global,Africa,CMR,Cameroon,Sud,Djoum
CAE SUD MVA,CAE-SUD-MVA,16330265,KrnP8YZjfnb,Mvangan,5,Global,Africa,CMR,Cameroon,Sud,Mvangan
CAE SUW FON,CAE-SUW-FON,2137651,a2nQs7VmYiD,Fontem,5,Global,Africa,CMR,Cameroon,Sud Ouest,Fontem
CAE SUW KUM,CAE-SUW-KUM,2137652,MIvAFWhI9Yc,Kumba,5,Global,Africa,CMR,Cameroon,Sud Ouest,Kumba
CAE SUW AKW,CAE-SUW-AKW,2138160,DoVAXL8t556,Akwaya,5,Global,Africa,CMR,Cameroon,Sud Ouest,Akwaya
CAE SUW MGE,CAE-SUW-MGE,2137412,oHNRJzfPFaX,Mbonge,5,Global,Africa,CMR,Cameroon,Sud Ouest,Mbonge
CAE SUW BAK,CAE-SUW-BAK,2137418,JIQXtxy5dWB,Bakassi,5,Global,Africa,CMR,Cameroon,Sud Ouest,Bakassi
CAE SUW EYU,CAE-SUW-EYU,2137417,dyB1QMpgHgC,Eyumodjock,5,Global,Africa,CMR,Cameroon,Sud Ouest,Eyumodjock
CAE SUW WAB,CAE-SUW-WAB,2138358,DWF1ThXXPOB,Wabane,5,Global,Africa,CMR,Cameroon,Sud Ouest,Wabane
CAE SUW TIK,CAE-SUW-TIK,2137415,VZPPWeDuJqU,Tiko,5,Global,Africa,CMR,Cameroon,Sud Ouest,Tiko
CAE SUW LIM,CAE-SUW-LIM,2137419,GP5qeoiXMtA,Limbe,5,Global,Africa,CMR,Cameroon,Sud Ouest,Limbe
CAE SUW MUY,CAE-SUW-MUY,2137411,jIXZlNwSdG3,Muyuka,5,Global,Africa,CMR,Cameroon,Sud Ouest,Muyuka
CAE SUW NGT,CAE-SUW-NGT,2138274,JIcgSOsSpSV,Nguti,5,Global,Africa,CMR,Cameroon,Sud Ouest,Nguti
CAE SUW MAM,CAE-SUW-MAM,2137416,zU7eKPwFr69,Mamfe,5,Global,Africa,CMR,Cameroon,Sud Ouest,Mamfe
CAE SUW BAG,CAE-SUW-BAG,2137650,St9lVTJrRaI,Bangem,5,Global,Africa,CMR,Cameroon,Sud Ouest,Bangem
CAE SUW MUN,CAE-SUW-MUN,2138273,GzuQHLu6ZTN,Mundemba,5,Global,Africa,CMR,Cameroon,Sud Ouest,Mundemba
CAE NOW BAU,CAE-NOW-BAU,2138357,RDEsqpDdyjC,Bafut,5,Global,Africa,CMR,Cameroon,Nord Ouest,Bafut
CAE NOW FUN,CAE-NOW-FUN,2137386,cDNpDbvmp5K,Fundong,5,Global,Africa,CMR,Cameroon,Nord Ouest,Fundong
CAE NOW NWA,CAE-NOW-NWA,2138265,o3cdCYbmdmR,Nwa,5,Global,Africa,CMR,Cameroon,Nord Ouest,Nwa
CAE NOW BEN,CAE-NOW-BEN,2137388,W4MLzWKSvB1,Benakuma,5,Global,Africa,CMR,Cameroon,Nord Ouest,Benakuma
CAE NOW TUB,CAE-NOW-TUB,2137409,zipfC1pWf1y,Tubah,5,Global,Africa,CMR,Cameroon,Nord Ouest,Tubah
CAE NOW AKO,CAE-NOW-AKO,2137647,s6P7NGophWH,Ako,5,Global,Africa,CMR,Cameroon,Nord Ouest,Ako
CAE NOW BAM,CAE-NOW-BAM,2137392,cMnkG8Hxa71,Bamenda,5,Global,Africa,CMR,Cameroon,Nord Ouest,Bamenda
CAE NOW BAL,CAE-NOW-BAL,2137391,pl3EDv60GZ4,Bali,5,Global,Africa,CMR,Cameroon,Nord Ouest,Bali
CAE NOW NDO,CAE-NOW-NDO,2138159,SeVI9bJFCIZ,Ndop,5,Global,Africa,CMR,Cameroon,Nord Ouest,Ndop
CAE NOW WUM,CAE-NOW-WUM,2138272,VaHOXJU4rir,Wum,5,Global,Africa,CMR,Cameroon,Nord Ouest,Wum
CAE NOW SAT,CAE-NOW-SAT,2137387,js5vRAkkqxB,Santa,5,Global,Africa,CMR,Cameroon,Nord Ouest,Santa
CAE NOW NJI,CAE-NOW-NJI,2137648,HSEc0Cyu0Yy,Njikwa,5,Global,Africa,CMR,Cameroon,Nord Ouest,Njikwa
CAE NOW MBE,CAE-NOW-MBE,2138262,hvNtuMClAXW,Mbengwi,5,Global,Africa,CMR,Cameroon,Nord Ouest,Mbengwi
CAE NOW NKA,CAE-NOW-NKA,2137646,cbmIcLlVVa1,Nkambe,5,Global,Africa,CMR,Cameroon,Nord Ouest,Nkambe
CAE NOW NDU,CAE-NOW-NDU,2137393,AbJXFBhkc4U,Ndu,5,Global,Africa,CMR,Cameroon,Nord Ouest,Ndu
CAE NOW OKU,CAE-NOW-OKU,2137390,s9CiFUWGXnP,Oku,5,Global,Africa,CMR,Cameroon,Nord Ouest,Oku
CAE NOW BAT,CAE-NOW-BAT,2138263,rucXXEqjQcK,Batibo,5,Global,Africa,CMR,Cameroon,Nord Ouest,Batibo
CAE NOW KUE,CAE-NOW-KUE,2137389,VAN2Ql7Bkro,Kumbo East,5,Global,Africa,CMR,Cameroon,Nord Ouest,Kumbo East
CAE NOW KUW,CAE-NOW-KUW,2138264,cLBRoC6icGa,Kumbo West,5,Global,Africa,CMR,Cameroon,Nord Ouest,Kumbo West
CAE CEN CIT,CAE-CEN-CIT,2138355,NG7DU8YJlw7,Cite Verte,5,Global,Africa,CMR,Cameroon,Centre,Cite Verte
CAE LIT MAO,CAE-LIT-MAO,2137379,HAijUCVbjCr,Manoka,5,Global,Africa,CMR,Cameroon,Littoral,Manoka
